Category,Item Name,Price,Description,Allergens
Cocktails,The Aperol Affair,500,"A glowing sunset-hued blend that brings the warmth of an Italian summer evening to life in each sip.  This refreshing cocktail is made with Aperol, sparkling wine (prosecco), and soda water, garnished with an orange slice; it offers a bittersweet orange profile with a gentle effervescence (around 11–12% ABV).",Allergens: Alcohol
Cocktails,White Sangria Special,500,"Imagine a sunlit orchard captured in a glass, with peach and apple notes dancing amidst citrus blossoms.  This white sangria uses a crisp white wine base (often sauvignon blanc), muddled peaches, apples, and a splash of soda; it’s lightly sweet and aromatic (about 8–10% ABV).",Allergens: Alcohol
Cocktails,Patron Ala Mojito,600,"A daring fusion of Caribbean tropics and Mexican agave, where cool mint and lime mingle with tequila in a minty whirlwind.  Made with Patron silver tequila, fresh mint leaves, lime juice, sugar, and soda water, this mojito-inspired cocktail is minty-fresh yet agave-forward (around 7–10% ABV).",Allergens: Alcohol
Cocktails,Patron De Strawberry,600,"A romantic strawberry serenade, blending the ripe sweetness of berries with smoky agave warmth, like a sunset in a glass.  This cocktail mixes Patron tequila (silver or reposado) with strawberry liqueur or puree and lime, delivering a sweet-tart berry flavor (roughly 25–30% ABV).","Allergens: Alcohol, Citrus/Fruit (may affect allergies)"
Cocktails,Patron De Chocolate,600,"A velvety nocturne where rich dark chocolate curls swirl with warm tequila undertones, as decadent as a midnight dessert.  Combining Patron XO Café (or chocolate liqueur) with Patron tequila, this indulgent cocktail offers creamy cocoa notes and a gentle tequila backbone (around 20–25% ABV).",Allergens: Alcohol
Cocktails,Xclv Martini,350,"A sleek, sophisticated martini that glints with twilight colors and hints of mystery.  This martini-style drink is made with premium gin (or vodka) and a whisper of dry vermouth, stirred until icy cold and served with an olive or lemon twist; it’s crisp, aromatic, and elegantly smooth.",Allergens: Alcohol
Cocktails,Queens Breath,300,Queens Breath is a cocktails crafted to delight. Queens Breath delivers a signature drink experience inspired by classic flavors. Typical cocktail characteristics: 8-15% ABV (approx).,Allergens: Alcohol
Cocktails,Chivalry,300,"A noble blend of classic flavors, combining timeless elegance with a daring edge in every glass.  This chivalrous cocktail might include whiskey, aromatic bitters, and citrus peel, creating a smooth amber drink with warm spice and oak notes.",Allergens: Alcohol
Cocktails,Juliet Butterfly,300,"Delicate and whimsical, a romantic pink flutter that captures the essence of a midsummer night’s dream.  Often made with vodka (or rum) and a splash of lychee or berry liqueur, this cocktail is sweet, floral, and light (about 10–15% ABV).","Allergens: Alcohol, Dairy"
Cocktails,White Russian,300,"A silky velvety concoction reminiscent of a cozy Russian evening, delivering creamy coffee kick and gentle sweetness.  Made with vodka, coffee liqueur (like Kahlúa), and heavy cream, it’s shaken or stirred to a smooth froth, yielding a rich cream-colored drink (~20–25% ABV).",Allergens: Alcohol
Cocktails,Amaretto Sour,300,"A bittersweet serenade that plays almond notes with lively citrus, as harmonious as a string quartet.  It mixes almond-flavored amaretto liqueur with fresh lemon juice and a dash of simple syrup, shaken to a frothy foam; the result is sweet yet tangy (around 15–20% ABV).","Allergens: Alcohol, Tree nuts (almond)"
Cocktails,Negroni,380,"Bold and sophisticated, this ruby-red classic blends a bitter thrill with botanical grace.  Made with equal parts gin, Campari, and sweet vermouth, served over ice with an orange peel; it has a strong bitter-citrus taste (about 24–30% ABV) and a robust, aromatic finish.",Allergens: Alcohol
Cocktails,Tequila Sunrise,450,"A dawn-colored delight, painting the glass with vibrant orange and crimson hues just like a desert sunrise.  Consisting of tequila and orange juice, with grenadine slowly poured to sink through the drink, this cocktail is fruity and layered (roughly 10–12% ABV).",Allergens: Alcohol
Cocktails,Classic Margarita,450,"A zesty timeless icon, a fiesta of bright lime and sun-kissed agave perched on a salt-rimmed glass.  Made with tequila, triple sec (orange liqueur), and fresh lime juice (often on the rocks or blended); it’s tangy and refreshing (around 20–25% ABV).",Allergens: Alcohol
Cocktails,Frozen Margarita,450,"A frosty swirl of tropical bliss, capturing summer vibes in a chilly sip.  Blended with ice, tequila, triple sec, and lime juice, this slushy version is ice-cold and tangy, ideal for hot afternoons (~15–20% ABV).",Allergens: Alcohol
Cocktails,Watermelon Mojito,350,"Juicy watermelon meets Caribbean charm, a vibrant cascade of mint and melon on the palate.  This twist on a mojito uses white rum muddled with fresh watermelon, mint, lime, and soda; it’s sweet, refreshing, and lightly effervescent (~10% ABV).","Allergens: Alcohol, Citrus/Fruit (may affect allergies)"
Cocktails,Cosmopolitan,260,"Sleek and city-chic, a pink-hued cocktail that blends tart cranberry with crisp citrus, like a skyline reflected in twilight.  Vodka, cranberry juice, Cointreau (or triple sec), and lime juice are shaken and strained; the result is a tart, smooth drink (~15% ABV).",Allergens: Alcohol
Cocktails,Mango Daiquiri,350,"Tropical sunshine captured in a glass, where sweet mango purée dances with island rum.  Light rum blended with fresh mango and lime juice (and ice) produces a smooth, slushy cocktail bursting with fruity sweetness (~10% ABV).","Allergens: Alcohol, Citrus/Fruit (may affect allergies)"
Cocktails,Piña Colada,350,"A luscious island dream, as if sipping a creamy tropical sunset on a sandy beach.  White rum, pineapple juice, and coconut cream are blended with ice into a smooth, sweet escape (~10–13% ABV).",Allergens: Alcohol
Cocktails,Gin Tonic,350,Gin Tonic is a cocktails crafted to delight. Gin Tonic delivers a signature drink experience inspired by classic flavors. Typical cocktail characteristics: 8-15% ABV (approx).,Allergens: Alcohol
Cocktails,Red Sangria,350,"A lively Spanish fiesta in a glass, pouring red hues and garlands of fruit into each sip.  Red wine (often with brandy or orange liqueur), plus fresh oranges, apples, and other fruits, chilled in a pitcher; it’s fruity, slightly sweet, and light (around 8–10% ABV).",Allergens: Alcohol
Cocktails,Bacardi Coke Float,350,"A playful Cuban riff, combining foamy cola cream and a whisper of rum warmth.  Bacardi rum is floated gently atop cola in a tall glass; as the cola froths, it creates a creamy foam. The drink is sipped by mixing through the foam (~5–8% ABV, since it’s mostly cola).",Allergens: Alcohol
Cocktails,Strawberry Haze,450,"A sweet pink haze enveloping the glass, like the blush of dawn mixed with ripe strawberry fields.  Typically made with vodka (or gin) and fresh strawberry puree, perhaps with a splash of citrus; the result is a bright, berry-forward cocktail (~10–15% ABV).","Allergens: Alcohol, Citrus/Fruit (may affect allergies)"
Cocktails,Dulce De Dewar's,360,Dulce de Dewar's is a cocktails crafted to delight. Dulce de Dewar's delivers a signature drink experience inspired by classic flavors. Typical cocktail characteristics: 8-15% ABV (approx).,Allergens: Alcohol
Cocktails,Peach High Ball,250,"Bubbly peaches rising in a tall glass, as effervescent as an orchard breeze at dusk.  Typically whiskey or vodka mixed with iced tea or soda and peach syrup; it’s fizzy, sweet-peach flavored, and low-alcohol (~5–8% ABV).",Allergens: Alcohol
Cocktails,Purple Hands,300,"A mysterious violet bloom in your glass, bursting with lush berry aromas and intrigue.  Possibly a blend of tequila or gin with berry liqueurs (like blueberry or blackcurrant); it’s fruity, sweet, and moderately strong (~15% ABV).",Allergens: Alcohol
Cocktails,Lady Potion,250,"A delicate elixir, feminized by velvety fruit flavors and a subtle enchanting glow.  Often a mix of vodka and mixed berry liqueurs (or rose wine), with a bit of citrus, making a smooth, sweet cocktail (around 10–15% ABV).",Allergens: Alcohol
Shooters,Blowjob,200,"An audacious and cheeky shot that starts off creamy and ends with a playful kick.  A layered shooter of coffee liqueur (such as Kahlúa) and Irish cream (Baileys), topped with whipped cream; meant to be consumed in one go (~20–25% ABV).",Allergens: Alcohol
Shooters,2 Face,200,"A mischievous two-faced shot with contrasting layers, where each side reveals its own character.  Often made with half crème de menthe or coffee liqueur and half bailey’s or crème, creating distinct flavors; sweet and potent (around 20–30% ABV).",Allergens: Alcohol
Shooters,Green Melon Shot,200,"A bright emerald drop of sweet melon lusciousness, refreshing as a summer orchard breeze.  Made with melon liqueur (like Midori) and vodka (sometimes with a splash of citrus); fruity and syrupy, about 20% ABV.",Allergens: Alcohol
Shooters,Jagerbomb,350,Jagerbomb is a shooters crafted to delight. Jagerbomb delivers a signature drink experience inspired by classic flavors. Typical shot characteristics: 15-40% ABV (approx).,Allergens: Alcohol
Shooters,Night Bomb,300,"A midnight thrill-packed bomb, bursting with bold liquor intensity under the cover of darkness.  Typically a combination of vodka and dark liqueur (or sometimes a cognac) dropped into an energy drink; strong (30–40% ABV in the mix) with a caffeinated kick.",Allergens: Alcohol
Single Shot,Dewar's 12 Y/o (whiskey),300,Dewar's 12 y/o (Whiskey) is a single shot crafted to delight. Dewar's 12 y/o (Whiskey) delivers a signature drink experience inspired by classic flavors. Typical spirit characteristics: 40% ABV (approx).,Allergens: Alcohol
Single Shot,Singleton (whiskey),370,"A single malt whiskey known for its mellow sweetness and gentle oak character.  Distilled in Dufftown, 12 years old, 40% ABV; it’s light-bodied with caramel, apple, and malted barley notes.",Allergens: Alcohol
Single Shot,Jack Daniel (whiskey),250,Jack Daniel (Whiskey) is a single shot crafted to delight. Jack Daniel (Whiskey) delivers a signature drink experience inspired by classic flavors. Typical spirit characteristics: 40% ABV (approx).,Allergens: Alcohol
Single Shot,Black Label (whiskey),250,"A rich and smoky blended Scotch, each sip unveiling layers of peat, spice, and dried fruit.  Johnnie Walker Black Label, ~12-year blend, 40% ABV; balanced, well-rounded with a smoky finish.",Allergens: Alcohol
Single Shot,Jim Beam (whiskey),250,"A classic Kentucky bourbon, warm and hearty with sweet vanilla and charred oak notes.  Kentucky straight bourbon, 40% ABV; corn and rye sweetness with a hint of caramel and spice.",Allergens: Alcohol
Single Shot,Bacardi Black (rum),250,"A sultry black rum with deep caramel hues, evoking warm smoke and roasted nuts.  Dark rum, 40% ABV; aged longer for a richer flavor of molasses, vanilla, and smoky char.",Allergens: Alcohol
Single Shot,Cazadores Reposado (tequila),250,"An amber tequila imbued with a gentle whisper of oak, as though sunshine distilled into spirit.  Reposado (aged 2–11 months) tequila, 40% ABV; smooth with hints of vanilla, cooked agave, and light oak.",Allergens: Alcohol
Mocktails,Virgin Piña Colada,300,"A creamy tropical escape in a glass, blending coconut and pineapple to evoke beachside relaxation.  Coconut cream, pineapple juice, and ice are blended into a smooth, non-alcoholic delight; rich, sweet, and creamy (0% ABV).",Allergens: May contain traces of alcohol of alcohol (cross-contamination possible)
Mocktails,Elegant Purple,300,"A regal blend of bright purple hues, exuding exotic fruit aromas and royal refreshment.  Likely a mix of grape, blueberry, or blackcurrant juices with lemonade or soda; sweet, fruity, and completely alcohol-free.",Allergens: May contain traces of alcohol of alcohol (cross-contamination possible)
Mocktails,Apple Soda,200,"A crisp bubbly serenade of orchard-fresh apple in a sparkling embrace.  Carbonated apple-flavored soda; sweet and fizzy, often caffeine-free and full of apple aroma (0% ABV).",Allergens: Citrus/Fruit (may affect allergies)
Fruits,Sliced Orange,150,Sliced Orange is a fruits crafted to delight. Sliced Orange delivers a signature drink experience inspired by classic flavors. A non-alcoholic offering.,Allergens: Citrus/Fruit (may affect allergies)
Fruits,Sliced Lemon,100,Sliced Lemon is a fruits crafted to delight. Sliced Lemon delivers a signature drink experience inspired by classic flavors. A non-alcoholic offering.,Allergens: Citrus/Fruit (may affect allergies)
Fruits,Mix Sliced Fruits,499,"A colorful bounty of ripened fruits, an abundant mosaic fresh from the harvest.  A seasonal assortment of fresh fruits (e.g. melon, pineapple, berries) sliced; sweet, juicy, and served chilled.",Allergens: May contain traces of alcohol (cross-contamination possible)
Beer Cans,Heineken Original,200,"A frosty bucket brimming with golden Heineken bottles, summoning convivial cheers.  Typically 5 bottles of Heineken Original on ice; each 330ml bottle is 5% ABV with a crisp, clean lager taste.",Allergens: Alcohol
Beer Cans,Heineken Silver,200,"An icy bucket of Heineken Silver cans, offering ultra-smooth refreshment for the crowd.  Usually 5 cans of Heineken Silver (4% ABV) on ice; light-bodied lager, very mild flavor.",Allergens: Alcohol
Beer Cans,Heineken Draft Beer,180,"Crafted to taste like a freshly poured draft, delivering vibrant bubbles in every can.  Heineken Draught-style in can, 5% ABV; crisp, effervescent lager flavor.","Allergens: Alcohol, Gluten"
Beer Cans,San Mig Hard Seltzer Citrus Mix,200,"A frosty bucket filled with sparkling citrus cocktails, each can a zesty escape.  Bucket of 5 San Mig Hard Seltzer Citrus Mix cans; each 330ml is 5% ABV, gluten-free and flavored with lemon/citrus.",Allergens: Alcohol
Beer Cans,San Mig Chocolate Lager,200,"A chilled bucket of rich chocolate-lager bottles, promising sweet indulgence among friends.  Contains 5 bottles of San Mig Chocolate Lager (5% ABV) on ice; dark lager infused with cocoa.",Allergens: Alcohol
Beer Cans,San Mig Apple,210,"A crisp bucket of apple-infused beers, ready for autumnal refreshment.  Bucket of 5 San Mig Apple cans (5% ABV); lager with apple flavor, sweet and fruity.","Allergens: Alcohol, Citrus/Fruit (may affect allergies)"
Beer Cans,San Mig Light,200,"A pale bucket of light beers, perfect for watching the sun go down together.  Bucket of 5 San Mig Light bottles (3–4% ABV); light lager, low calories, mild taste.",Allergens: Alcohol
Beer Cans,San Mig Pilsen,200,"A bucket of bright pilsners, capturing the sharp character of the classic brew.  Bucket of 5 San Mig Pale Pilsen bottles (5% ABV); well-hopped lager, balanced maltiness.",Allergens: Alcohol
Beer Cans,San Mig Super Dry,200,"A frosty bucket of extra-dry lagers, crisp and clean as mountain air.  Bucket of 5 San Mig Super Dry bottles (5% ABV); ultra-light lager, very dry finish.",Allergens: Alcohol
Beer Cans,San Mig Premium All-malt,200,"A bucket of all-malt brews, rich and smooth for sharing.  Bucket of 5 San Mig Premium All-Malt bottles (5% ABV); fuller malt flavor in each lager.",Allergens: Alcohol
Beer Cans,Smirnoff Mule,200,"An icy bucket of canned mule cocktails, sparking up any party.  Bucket of 5 Smirnoff Mule cans (5% ABV each); pre-mixed vodka-ginger-lime drink, fizzy and zesty.",Allergens: Alcohol
Beer Cans,Corona Beer,220,"A chilled bucket of Corona, golden and carefree.  Bucket of 5 Corona bottles (4.6% ABV each); classic Mexican lager, light and refreshing.","Allergens: Alcohol, Gluten"
Beer Cans,Canada Dry,220,"A bucket of bubbly ginger ale, crisp and tangy.  Bucket of 5 Canada Dry bottles; non-alcoholic ginger soda.",Allergens: Alcohol
Beer Cans,Suntory Hapikle,190,"A tropical soda bucket, sweet kiwi fizz for the group.  Bucket of 5 Suntory Hapikle cans; kiwi soda, 0% ABV.",Allergens: Alcohol
Beer Cans,Suntory White Sour,190,"A bucket of citrusy canned cocktails, tart and lively.  Bucket of 5 Suntory White Sour cans; each ~7% ABV, lemon-flavored chuhai.",Allergens: Alcohol
Beer Buckets,Heineken Original,1000,"A frosty bucket brimming with golden Heineken bottles, summoning convivial cheers.  Typically 5 bottles of Heineken Original on ice; each 330ml bottle is 5% ABV with a crisp, clean lager taste.",Allergens: Alcohol
Beer Buckets,Heineken Silver,1000,"An icy bucket of Heineken Silver cans, offering ultra-smooth refreshment for the crowd.  Usually 5 cans of Heineken Silver (4% ABV) on ice; light-bodied lager, very mild flavor.",Allergens: Alcohol
Beer Buckets,San Mig Hard Seltzer Citrus Mix,1000,"A frosty bucket filled with sparkling citrus cocktails, each can a zesty escape.  Bucket of 5 San Mig Hard Seltzer Citrus Mix cans; each 330ml is 5% ABV, gluten-free and flavored with lemon/citrus.",Allergens: Alcohol
Beer Buckets,San Mig Chocolate Lager,1000,"A chilled bucket of rich chocolate-lager bottles, promising sweet indulgence among friends.  Contains 5 bottles of San Mig Chocolate Lager (5% ABV) on ice; dark lager infused with cocoa.",Allergens: Alcohol
Beer Buckets,San Mig Apple,1000,"A crisp bucket of apple-infused beers, ready for autumnal refreshment.  Bucket of 5 San Mig Apple cans (5% ABV); lager with apple flavor, sweet and fruity.","Allergens: Alcohol, Citrus/Fruit (may affect allergies)"
Beer Buckets,San Mig Light,1000,"A pale bucket of light beers, perfect for watching the sun go down together.  Bucket of 5 San Mig Light bottles (3–4% ABV); light lager, low calories, mild taste.",Allergens: Alcohol
Beer Buckets,San Mig Pilsen,1000,"A bucket of bright pilsners, capturing the sharp character of the classic brew.  Bucket of 5 San Mig Pale Pilsen bottles (5% ABV); well-hopped lager, balanced maltiness.",Allergens: Alcohol
Beer Buckets,San Mig Super Dry,1000,"A frosty bucket of extra-dry lagers, crisp and clean as mountain air.  Bucket of 5 San Mig Super Dry bottles (5% ABV); ultra-light lager, very dry finish.",Allergens: Alcohol
Beer Buckets,San Mig Premium All-malt,1000,"A bucket of all-malt brews, rich and smooth for sharing.  Bucket of 5 San Mig Premium All-Malt bottles (5% ABV); fuller malt flavor in each lager.",Allergens: Alcohol
Beer Buckets,Smirnoff Mule,1000,"An icy bucket of canned mule cocktails, sparking up any party.  Bucket of 5 Smirnoff Mule cans (5% ABV each); pre-mixed vodka-ginger-lime drink, fizzy and zesty.",Allergens: Alcohol
Beer Buckets,Corona Beer,1120,"A chilled bucket of Corona, golden and carefree.  Bucket of 5 Corona bottles (4.6% ABV each); classic Mexican lager, light and refreshing.","Allergens: Alcohol, Gluten"
Beer Buckets,Canada Dry,1120,"A bucket of bubbly ginger ale, crisp and tangy.  Bucket of 5 Canada Dry bottles; non-alcoholic ginger soda.",Allergens: Alcohol
Beer Buckets,Suntory Hapikle,940,"A tropical soda bucket, sweet kiwi fizz for the group.  Bucket of 5 Suntory Hapikle cans; kiwi soda, 0% ABV.",Allergens: Alcohol
Beer Buckets,Suntory White Sour,940,"A bucket of citrusy canned cocktails, tart and lively.  Bucket of 5 Suntory White Sour cans; each ~7% ABV, lemon-flavored chuhai.",Allergens: Alcohol
Beverages,Coke In Can Original,120,"The classic cola sparkle, effervescing with caramel sweetness and timeless refreshment.  Coca-Cola in a 330ml can; sweetened with sugar (or high-fructose corn syrup), highly carbonated, caffeinated.",Allergens: May contain traces of alcohol (cross-contamination possible)
Beverages,Coke In Can Zero,120,"All the vibrant fizz of cola, reimagined without the sugar, yet bursting with familiar cola zing.  Coca-Cola Zero Sugar in a 330ml can; zero sugar, zero calories, sweetened with artificial sweeteners, caffeinated.",Allergens: May contain traces of alcohol (cross-contamination possible)
Beverages,Coke In Can Vanilla,120,"A smooth vanilla twist on the iconic cola, a creamy bouquet melding with caramel fizz.  Vanilla Coke in a 330ml can; real vanilla flavor added, sweetened (about 150 calories), caffeinated.",Allergens: May contain traces of alcohol (cross-contamination possible)
Beverages,Coke In Can Light,120,"A lighter, lower-calorie cola option that keeps the bright, fizzy essence of the original.  Coke Light (Diet Coke) 330ml; sugar-free (aspartame sweetener), low calories, caffeinated, crisp taste.",Allergens: May contain traces of alcohol (cross-contamination possible)
Beverages,Sprite In Can Original,120,"Lime-laced effervescence, bright and clear as mountain spring water.  Sprite 330ml can; lemon-lime soda, caffeine-free, very bubbly and crisp.",Allergens: May contain traces of alcohol (cross-contamination possible)
Beverages,Sprite In Can Zero,120,"All the zesty sparkle of Sprite, reinvented without the sugar – a crisp burst of citrus without guilt.  Sprite Zero Sugar, 330ml; sugar-free, sweetened with stevia/aspartame, caffeine-free, very refreshing.",Allergens: May contain traces of alcohol (cross-contamination possible)
Beverages,Delmonte Pineapple,150,"A tropical golden nectar, rich with the sun-soaked sweetness of ripe pineapple.  Del Monte Pineapple Juice, 330ml can; 100% fruit juice (no sugar added), packed with vitamin C and natural pineapple flavor.",Allergens: Citrus/Fruit (may affect allergies)
Beverages,Delmonte Four Seasons,150,"A medley of orchard fruits blended into one glass, offering a symphony of natural sweetness.  Del Monte Four Seasons Juice, 330ml can; a mix of apple, grape, plum, guava, and pear juices, no added sugar.",Allergens: May contain traces of alcohol (cross-contamination possible)
Beverages,Redbull Original (energy Drink),200,Redbull Original (energy drink) is a beverages crafted to delight. Redbull Original (energy drink) delivers a signature drink experience inspired by classic flavors. A non-alcoholic offering.,Allergens: May contain traces of alcohol (cross-contamination possible)
Beverages,Redbull Sugarfree (energy Drink),200,Redbull Sugarfree (energy drink) is a beverages crafted to delight. Redbull Sugarfree (energy drink) delivers a signature drink experience inspired by classic flavors. A non-alcoholic offering.,Allergens: May contain traces of alcohol (cross-contamination possible)
Beverages,Schweppes Soda Water,130,"An effervescent pure sparkle, as clear as a glacier pool, ready to enliven any drink.  Schweppes Soda Water, 250ml; carbonated water with no sugar or flavor, used as a mixer or on its own.",Allergens: May contain traces of alcohol (cross-contamination possible)
Beverages,Schweppes Tonic Water,130,"A refined fizz with a gentle quinine bite, perfectly complementing botanicals in a glass.  Schweppes Tonic Water, 250ml; carbonated water with quinine and sweeteners (about 80 calories), slightly bitter.",Allergens: May contain traces of alcohol (cross-contamination possible)
Beverages,Xclv Bottle Water 500ml,100,"A crisp glass bottle containing pure spring water, refreshing and pristine.  Xclv Natural Spring Water, 500ml still; pH balanced, no additives.",Allergens: May contain traces of alcohol (cross-contamination possible)
Beverages,Summit Bottle Water 500ml,100,"Portable purity in a slender bottle, a cool sip on demand.  Summit Natural Spring Water, 500ml still; no calories, hydrating.",Allergens: May contain traces of alcohol (cross-contamination possible)
Beverages,Summit Still 330ml,120,"Compact hydration, a mini refreshment for quick vigor.  Summit Natural Spring Water, 330ml still; convenient size, pure water.",Allergens: May contain traces of alcohol (cross-contamination possible)
Beverages,Evian 750ml,300,"Mineral-rich Alpine water, delivered from mountain springs to invigorate with a silky finish.  Evian Natural Mineral Water, 750ml; contains essential minerals (calcium, magnesium), smooth taste.",Allergens: May contain traces of alcohol (cross-contamination possible)
Food,Premium Japanese Beef Wagyu Cubes 500g,2000,"Juicy marbled jewels of Wagyu beef, promising unmatched buttery richness with every savory bite.  500g of A5-grade Japanese Wagyu beef cubes; extremely high fat marbling, very tender, ideal for grilling or fondue.",Allergens: May contain traces of alcohol (cross-contamination possible)
Food,Australian Beef Angus Kilcoy Ribeye 250g,1500,"A robust ribeye steak straight from the Aussie pastures, thick-cut and bursting with savory marbling.  250g of Australian Angus ribeye (Kilcoy beef); grass-fed, rich beef flavor and moderate marbling, best enjoyed grilled.",Allergens: May contain traces of alcohol (cross-contamination possible)
Food,Special Kinilaw 300g,700,"A refreshing ceviche, tangy with tropical zest – seafood cured in vinegar and citrus in a fiery embrace.  300g of Filipino kinilaw: raw fish marinated in vinegar or calamansi juice with ginger, chili, onion, and salt; served cold and spicy.",Allergens: Fish / Shellfish
Food,Lumpia Bombs (chicken Spam & Cheese),350,"Golden-fried pockets hiding a molten mix of tender chicken, savory Spam, and melting cheese.  Fried spring rolls filled with shredded chicken, Spam slices, and cheese; crispy on the outside, gooey inside; served with dipping sauce.","Allergens: Dairy, Gluten"
Food,Lumpia Tacos,350,"A playful fusion, where crisp lumpia wrappers cradle seasoned fillings like a fiesta taco.  Lumpia wrappers fried to a crunchy taco shell, filled with spiced pork or beef, lettuce, and salsa; spicy, savory, and handheld.",Allergens: Gluten
Food,Cheesy Nachos,390,"A crunchy mountain of tortilla chips blanketed under melted cheeses and jalapeños, adorned with salsa and sour cream.  Tortilla chips topped with melted cheddar (or mixed cheese), jalapeños, tomatoes, and onions; hearty snack, often served with dips.","Allergens: Dairy, Gluten"
Food,Seafood Sampler,399,"An oceanic bounty on a platter, teeming with shrimp, calamari, and fish, as colorful as a coral reef.  Mixed platter of breaded/fried or grilled seafood (shrimp, squid, fish); served with lemon and dipping sauces; rich in protein.",Allergens: Fish / Shellfish
Food,Buttered Chicken,399,"Tender morsels bathed in a creamy tomato curry, fragrant with garam masala and a kiss of butter.  Chicken tikka cooked in a spiced tomato-cream sauce (butter chicken style); rich, mildly spiced and served with naan or rice.",Allergens: Dairy
Food,Four Cheese Pizza,399,"A molten tapestry of four cheeses melting into a crispy crust, a symphony of creaminess.  Pizza with mozzarella, cheddar, provolone, and parmesan over tomato sauce on a thin crust; gooey cheese, baked to golden.","Allergens: Dairy, Egg, Gluten"
Food,Veggies & Cheese Pizza,399,"A vibrant garden of vegetables crowned with gooey cheese atop a golden crust.  Pizza topped with assorted vegetables (peppers, olives, onions, tomatoes) and mozzarella; flavorful and cheesy.","Allergens: Dairy, Egg, Gluten"
Food,Beef Shawarma Pizza,399,"An exotic feast where spiced shawarma beef melds with cheese under a warm crust, East meets West on a plate.  Pizza with marinated beef shawarma, garlic sauce, tomatoes, onions, and mozzarella; savory and aromatic with Middle Eastern spices.","Allergens: Dairy, Egg, Gluten"
Food,Buffalo Chicken Wings,380,"Fiery orange wings tossed in spicy buffalo sauce, perfect for heat seekers and sports nights.  Chicken wings deep-fried then coated in tangy-salty buffalo hot sauce; served with cooling ranch or blue cheese dip.","Allergens: Egg, Soy"
Food,Soy Garlic Chicken Wings,380,"Golden wings glazed in sticky soy and garlic, a sweet-savory melody with each crispy bite.  Fried chicken wings tossed in a sweet soy-garlic sauce; sticky and flavorful, garnished with sesame and spring onions.","Allergens: Egg, Soy"
Food,Parmesan Chicken Wings,380,"Crunchy wings sprinkled with nutty Parmesan and herbs, delivering an Italian twist to classic wings.  Fried wings tossed with garlic-Parmesan seasoning and parsley; savory and crisp, often served with marinara dip.","Allergens: Egg, Soy"
Food,Salted Egg Chicken Wings,380,"Rich and indulgent wings coated in a creamy salted egg yolk sauce, intensely savory and luscious.  Crisp fried wings tossed in a sauce made from salted duck egg yolk, butter, and spices; ultra-rich umami flavor.","Allergens: Egg, Soy"
Food,Cheese Quesadilla,200,"Griddled tortilla folded around bubbling cheese, a crispy and gooey treat with a Mexican heart.  Flour tortilla filled with shredded cheese (cheddar/Monterey Jack), folded and toasted; served with salsa or sour cream.","Allergens: Dairy, Gluten"
Food,Plain Rice (1 Cup),50,"A fluffy bed of steamed rice, pure and comforting – the perfect canvas for your main dish.  One cup of plain white rice (approx. 200g cooked); steamed with no oil or seasoning, neutral and filling.",Allergens: May contain traces of alcohol (cross-contamination possible)
Rum,Bacardi Superior 750ml,2700,"A clear Caribbean classic, as light and spirited as a warm sea breeze.  Bacardi Superior white rum, 750ml, 40% ABV; smooth, clean profile distilled from sugarcane, ideal for cocktails.",Allergens: Alcohol
Rum,Bacardi Gold 750ml,2700,"A warm golden rum bursting with tropical spice and caramel warmth, like island sunbeams.  Bacardi Gold rum, 750ml, 40% ABV; aged slightly in oak, giving mild vanilla and caramel flavors with a hint of spice.",Allergens: Alcohol
Rum,Bacardi Black 750ml,2900,"A bold inky rum, rich as midnight chocolate and smoky as an island bonfire.  Bacardi Black rum, 750ml, 40% ABV; dark rum aged longer, with flavors of molasses, roasted cocoa, and oak.",Allergens: Alcohol
Rum,Bacardi 8 Y/o 750ml,4000,"An elegant aged rum, matured into a tapestry of oak, honey, and tobacco whispers.  Bacardi 8 Años, 750ml, 40% ABV; 8 years barrel-aged, offering a smooth amber spirit with dried fruit, oak, and vanilla notes.",Allergens: Alcohol
Rum,Don Papa 700ml,4500,"A velvety Filipino rum swathed in notes of vanilla and candied pineapple, as sweet as Manila twilight.  Don Papa 7-year aged rum, 700ml, 40% ABV; matured in sherry casks, with rich vanilla, apricot, and spice.",Allergens: Alcohol
Tequila,Cazadores Reposado 750ml,3600,"An oak-aged tequila glinting golden, mellowed by a gentle whisper of barrel spice.  Cazadores Reposado (aged 2–11 months), 750ml, 40% ABV; smooth with caramel, vanilla, and cooked agave flavors.",Allergens: Alcohol
Tequila,Patron Silver 750ml,7000,"A crisp, clear shot of Mexico’s heartland, its pure agave spirit invigorating and pristine.  Patrón Silver, 750ml, 40% ABV; unaged tequila blanco; fresh peppery agave flavor with citrus notes.",Allergens: Alcohol
Tequila,Patron Reposado 750ml,8000,"A warm-hued tequila, marrying agave brightness with the gentle embrace of oak.  Patrón Reposado, 750ml, 40% ABV; aged in oak barrels (~2–11 months); soft vanilla and caramel notes over agave.",Allergens: Alcohol
Tequila,Patron Añejo 750ml,9000,"A rich amber treasure, with caramel and spice matured gracefully in casks.  Patrón Añejo, 750ml, 40% ABV; aged 1–3 years; deep notes of chocolate, oak, and dried fruit.",Allergens: Alcohol
Tequila,Patron El Alto 750ml,18000,"An ultra-pure expression, distilled from highland agave fields for a crisp, clear finish.  Patrón El Alto, 750ml, 40% ABV; premium tequila blanco from high-altitude agave; very smooth with citrus hints.",Allergens: Alcohol
Tequila,Jose Cuervo 1l,4000,"A reliable classic tequila, robust and straightforward, pouring Mexico’s heritage by the liter.  Jose Cuervo Especial, 1L, 35% ABV; gold-colored mixto tequila (blend of agave and neutral spirits); mildly sweet with cooked agave notes.",Allergens: Alcohol
Tequila,Jose Cuervo 700ml,3600,"The same enduring spirit as its liter kin, a golden nectar echoing centuries of tradition.  Jose Cuervo Especial, 750ml, 35% ABV; popular mixto tequila; smooth with light oak and honey.",Allergens: Alcohol
Tequila,Olmeca 1l,4000,"A solid tequila bottled in larger measure, offering youthful agave vibrancy.  Olmeca Tequila (Plata), 1L, 38% ABV; double-distilled from blue agave; crisp, peppery notes.",Allergens: Alcohol
Tequila,Olmeca 700ml,3600,"A spirited representation of Jalisco’s heartland, full of agave zest and warmth.  Olmeca Altos Plata, 750ml, 40% ABV; hand-harvested agave; smooth with citrus and fresh agave.",Allergens: Alcohol
Tequila,1800 Tequila Blanco 750ml,6000,"A bright crystalline tequila, clear as silver, singing of pure agave.  1800 Blanco, 750ml, 40% ABV; unaged tequila; crisp, peppery with grassy sweetness.",Allergens: Alcohol
Tequila,1800 Tequila Añejo 750ml,6500,"A velvety tequila dipped in golden age, rich as a caramel sunset.  1800 Añejo, 750ml, 40% ABV; aged in American and French oak; notes of toasted oak, caramel, and slight spice.",Allergens: Alcohol
Tequila,Don Julio Blanco 750ml,6000,"A legendary spirit of agave brightness, revered like the first kiss of Jalisco agave.  Don Julio Blanco, 750ml, 40% ABV; premium tequila blanco; smooth with crisp citrus and sweet agave finish.",Allergens: Alcohol
Tequila,Don Julio 1942 Tequila,16000,"An exquisite black-label tequila, smooth as velvet, with notes of caramel and fig reminiscent of a fine cognac.  Don Julio 1942, 700ml, 40% ABV; añejo tequila aged ~2.5 years; luxurious sipping tequila with vanilla and toasted oak.",Allergens: Alcohol
Tequila,Clase Azul Mexico 750ml,20000,"A masterpiece in porcelain, this tequila offers a lush bouquet of tropical fruit and spice.  Clase Azul Plata, 750ml, 40% ABV; premium tequila; exceptionally smooth, with sweet agave and citrus flavors.",Allergens: Alcohol
Vodka,Absolut Blue 700ml,2700,"A crystal-clear Swedish vodka, pure and smooth like Arctic ice.  Absolut Vodka (blue), 700ml, 40% ABV; distilled from winter wheat, no added sugar; neutral and clean taste.",Allergens: Alcohol
Vodka,Absolut Lime 700ml,2700,"A lively green-toned vodka kissed with citrus zest, offering a bright lime tang in every sip.  Absolut Lime, 700ml, 40% ABV; infused with real lime and lemon oils; sweet and tart.","Allergens: Alcohol, Citrus/Fruit (may affect allergies)"
Vodka,Absolut Wild Berri 700ml,2700,"A berry-bright vodka bursting with raspberry and blueberry aromas in every sip.  Absolut Wild Berri, 700ml, 40% ABV; infused with natural raspberry, blackberry and blueberry flavors; sweet and fruity.",Allergens: Alcohol
Vodka,Absolut Citron 700ml,2700,"A radiant vodka, infused with sun-kissed lemons and grapefruit for a tangy embrace.  Absolut Citron, 700ml, 40% ABV; real lemon and grapefruit peels; crisp citrus flavor, sweetened.",Allergens: Alcohol
Vodka,Absolut Blue 1l,3500,"The same pristinely pure spirit as its 700ml counterpart, now ample for long nights.  Absolut Vodka, 1L, 40% ABV; classic, clean vodka for cocktails or sipping.",Allergens: Alcohol
Vodka,Absolut Citron 1l,3500,"A liter of zesty sunshine, packed with the tangy spirit of citrus.  Absolut Citron, 1L, 40% ABV; flavored with lemon/grapefruit; bright and fresh.",Allergens: Alcohol
Vodka,Absolut Wild Berri 1l,3500,"A full-size berry-blasted vodka for long celebrations, fruity and vivid.  Absolut Wild Berri, 1L, 40% ABV; natural berry flavors; sweet-tart.",Allergens: Alcohol
Vodka,Sky Vodka 700ml,3000,"A smooth and refined vodka that flows as softly as a clear morning sky.  Skyy Vodka, 700ml, 40% ABV; triple-distilled, quadruple-filtered; exceptionally clean and smooth.",Allergens: Alcohol
Vodka,Grey Goose Original 700ml,5500,"A French luxury vodka, elegant as champagne, distilled from soft winter wheat.  Grey Goose, 700ml, 40% ABV; single-estate wheat, filtered through limestone; crisp and smooth with subtle almond.",Allergens: Alcohol
Vodka,Belvedere,4500,"A Polish vodka of regal heritage, velvety smooth and rich, like silk on the palate.  Belvedere Vodka, 750ml, 40% ABV; made from Dankowskie rye, quadruple distilled; soft vanilla and creamy finish.",Allergens: Alcohol
Vodka,Belvedere Vodka 10,20000,"An ultra-pure expression, distilled 10 times for unmatched clarity and gentleness.  Belvedere Vodka 10, 750ml, 40% ABV; 10 times distilled from rye; exceptionally smooth and soft.",Allergens: Alcohol
Vodka,Ciroc 750ml,3500,"A glamorous French vodka, made from grapes with a whisper of citrus freshness.  Cîroc Vodka, 750ml, 40% ABV; distilled from French Ugni Blanc grapes; smooth, light, with a hint of fruit.",Allergens: Alcohol
Vodka,Ciroc 1.75l,7000,"A large bottle of the same suave vodka, ready to fuel grand celebrations.  Cîroc Vodka, 1.75L, 40% ABV; grape vodka, crisp and smooth.",Allergens: Alcohol
Gin,Bombay Sapphire 750ml,3500,"A royal blue gin that carries a bouquet of botanicals, as crisp as an English garden morning.  Bombay Sapphire, 750ml, 40% ABV; London Dry Gin infused with 10 botanicals (juniper, citrus, almond); light and floral.",Allergens: Alcohol
Gin,Malfy (pink Grapefruit) 700ml,3000,"A whimsical Italian gin with a blushing grapefruit twist, summery and bright.  Malfy Con Limone (though pink grapefruit) 700ml, 41% ABV; infused with Sicilian pink grapefruits and botanicals; tart and zesty.",Allergens: Alcohol
Gin,Tanqueray Dry Gin 750ml,3700,"A revered London classic, intensely juniper-forward with a timelessly crisp backbone.  Tanqueray London Dry, 750ml, 47.3% ABV; juniper, coriander, angelica; strong, sharp, and botanical.",Allergens: Alcohol
Gin,Tanqueray Malacca 1l,4000,"An exquisite gin liqueur, tropical hints swirling in a rich amber elixir.  Tanqueray Malacca (liqueur), 1L, 39.6% ABV; infused with exotic spices, citrus peel and Madagascar nutmeg; sweet and aromatic.",Allergens: Alcohol
Gin,Tanqueray Flor De Sevilla 1l,4000,"A zesty Spanish-inspired gin, its bright orange blossom aroma transporting you to Seville’s orchards.  Tanqueray Sevilla, 1L, 41.3% ABV; London Dry Gin with Seville orange essence; sweet citrus-forward.",Allergens: Alcohol
Gin,Tanqueray No. Ten 700ml,5000,"An ultra-premium gin, distilled with whole citrus fruits for extra clean, citrusy elegance.  Tanqueray No. Ten, 700ml, 47.3% ABV; small-batch Gin with fresh oranges, grapefruit, chamomile; exceptionally smooth.",Allergens: Alcohol
Gin,The Botanist 700ml,6000,"A herbal treasure trove, capturing Islay’s wild botanicals in a crystal-clear spirit.  The Botanist Islay Gin, 700ml, 46% ABV; 31 foraged botanicals including heather and mint; complex and floral.",Allergens: Alcohol
Gin,Beefeater Dry Gin 700ml,3500,"A classic red-bottle gin, hearty and bold with a quintessential London dry style.  Beefeater London Dry, 700ml, 40% ABV; rich juniper, coriander, citrus peel; robust and traditional.",Allergens: Alcohol
Gin,Antidote Citron De Corse 700ml,4500,"A Mediterranean sun-kissed gin, bright with Corsican lemons and herbal warmth.  Antidote Liqueur de Corse (citron), 700ml, 40% ABV; gin infused with Corsican lemon peel, lavender, rosemary; aromatic citrus finish.",Allergens: Alcohol
Gin,Antidote Orange De Corse 700ml,4500,"A tangy burst from Corsican oranges blending with smooth gin for a sweet, spirited dance.  Antidote Liqueur de Corse (orange), 700ml, 40% ABV; gin infused with blood orange and herbs; sweet and fragrant.","Allergens: Alcohol, Citrus/Fruit (may affect allergies)"
Gin,Antidote Style Mediterranean 700ml,4500,"An aromatic escape of Mediterranean herbs, each sip like a scented breeze from Provence.  Antidote Liqueur de Corse (Mediterranean), 700ml, 40% ABV; gin with rosemary, thyme, citrus; savory herbal gin.",Allergens: Alcohol
Gin,Antidote Botanicals & Spices 700ml,4500,"A complex potion of exotic botanicals and spices, bold like an alchemist’s craft.  Antidote Liqueur (Spice), 700ml, 40% ABV; gin with coriander, nutmeg, clove; rich and warm spice profile.",Allergens: Alcohol
Wine,Martini Asti Spumante 750ml,3500,"A frothy Italian sparkler, effervescent and sweet as a celebration in every bubble.  Martini Asti Spumante, 750ml, 7.5% ABV; sweet sparkling Moscato d'Asti wine from Piedmont; notes of pear, peach and honey.",Allergens: Alcohol
Wine,Martini Prosecco 750ml,3500,"A lively Prosecco with crisp apple and citrus twinkles, like spring blossoms in your glass.  Martini Prosecco, 750ml, ~11% ABV; dry Italian sparkling wine (Prosecco DOC); bright with green apple and floral hints.",Allergens: Alcohol
Wine,Bgc Merlot 750ml,2500,"A bold red wine of velvety tannins and dark berry notes, a toast to full-bodied elegance.  BGC Merlot, 750ml, 12–13% ABV; red table wine from Chile; smooth with plum, cherry, and spice.",Allergens: Alcohol
Wine,Banrock Moscato 750ml,2500,"A sweet orange-blossom scented white wine, as gentle as a summer afternoon.  Banrock Station Moscato, 750ml, 7% ABV; Australian dessert wine; sweet with peach and apricot aromas.",Allergens: Alcohol
Wine,Queen Adelaide Moscato 750ml,2500,"A tenderly sweet fizz, a regal blush of peach and apricot on the palate.  Queen Adelaide Moscato, 750ml, ~7% ABV; sparkling sweet white wine; low alcohol, fruity and floral.",Allergens: Alcohol
Whiskey / Scotch,Dewar's 8 Y/o Japanese Smooth 750ml,3500,Dewar's 8 y/o Japanese Smooth 750ml is a whiskey / scotch crafted to delight. Dewar's 8 y/o Japanese Smooth 750ml delivers a signature drink experience inspired by classic flavors. Typical spirit characteristics: 40% ABV (approx).,Allergens: Alcohol
Whiskey / Scotch,Dewar's 12 Y/o 750ml,4500,Dewar's 12 y/o 750ml is a whiskey / scotch crafted to delight. Dewar's 12 y/o 750ml delivers a signature drink experience inspired by classic flavors. Typical spirit characteristics: 40% ABV (approx).,Allergens: Alcohol
Whiskey / Scotch,Dewar's 12 Y/o 1l,5000,Dewar's 12 y/o 1L is a whiskey / scotch crafted to delight. Dewar's 12 y/o 1L delivers a signature drink experience inspired by classic flavors. Typical spirit characteristics: 40% ABV (approx).,Allergens: Alcohol
Whiskey / Scotch,Dewar's 15 Y/o 1l,6000,Dewar's 15 y/o 1L is a whiskey / scotch crafted to delight. Dewar's 15 y/o 1L delivers a signature drink experience inspired by classic flavors. Typical spirit characteristics: 40% ABV (approx).,Allergens: Alcohol
Whiskey / Scotch,Dewar's 18 Y/o 750ml,7000,Dewar's 18 y/o 750ml is a whiskey / scotch crafted to delight. Dewar's 18 y/o 750ml delivers a signature drink experience inspired by classic flavors. Typical spirit characteristics: 40% ABV (approx).,Allergens: Alcohol
Whiskey / Scotch,Jack Daniel's 1l,4500,Jack Daniel's 1L is a whiskey / scotch crafted to delight. Jack Daniel's 1L delivers a signature drink experience inspired by classic flavors. Typical spirit characteristics: 40% ABV (approx).,Allergens: Alcohol
Whiskey / Scotch,Jack Daniel's Apple 750ml,3800,Jack Daniel's Apple 750ml is a whiskey / scotch crafted to delight. Jack Daniel's Apple 750ml delivers a signature drink experience inspired by classic flavors. Typical spirit characteristics: 40% ABV (approx).,"Allergens: Alcohol, Citrus/Fruit (may affect allergies)"
Whiskey / Scotch,Jack Daniel's Honey 750ml,3800,Jack Daniel's Honey 750ml is a whiskey / scotch crafted to delight. Jack Daniel's Honey 750ml delivers a signature drink experience inspired by classic flavors. Typical spirit characteristics: 40% ABV (approx).,Allergens: Alcohol
Whiskey / Scotch,Jack Daniel's Fire 750ml,3800,Jack Daniel's Fire 750ml is a whiskey / scotch crafted to delight. Jack Daniel's Fire 750ml delivers a signature drink experience inspired by classic flavors. Typical spirit characteristics: 40% ABV (approx).,Allergens: Alcohol
Whiskey / Scotch,Johnnie Walker Black 1l,4000,Johnnie Walker Black 1L is a whiskey / scotch crafted to delight. Johnnie Walker Black 1L delivers a signature drink experience inspired by classic flavors. Typical spirit characteristics: 40% ABV (approx).,Allergens: Alcohol
Whiskey / Scotch,Johnnie Walker Double Black 1l,4500,Johnnie Walker Double Black 1L is a whiskey / scotch crafted to delight. Johnnie Walker Double Black 1L delivers a signature drink experience inspired by classic flavors. Typical spirit characteristics: 40% ABV (approx).,Allergens: Alcohol
Whiskey / Scotch,Johnnie Walker 18 Y/o 750ml,10000,Johnnie Walker 18 y/o 750ml is a whiskey / scotch crafted to delight. Johnnie Walker 18 y/o 750ml delivers a signature drink experience inspired by classic flavors. Typical spirit characteristics: 40% ABV (approx).,Allergens: Alcohol
Whiskey / Scotch,Johnnie Walker Blue 750ml,16000,Johnnie Walker Blue 750ml is a whiskey / scotch crafted to delight. Johnnie Walker Blue 750ml delivers a signature drink experience inspired by classic flavors. Typical spirit characteristics: 40% ABV (approx).,Allergens: Alcohol
Whiskey / Scotch,Johnnie Walker & Sons Xr 21 Y/o 750ml,17000,Johnnie Walker & Sons XR 21 y/o 750ml is a whiskey / scotch crafted to delight. Johnnie Walker & Sons XR 21 y/o 750ml delivers a signature drink experience inspired by classic flavors. Typical spirit characteristics: 40% ABV (approx).,Allergens: Alcohol
Whiskey / Scotch,Charles & James Light 1l,2700,Charles & James Light 1L is a whiskey / scotch crafted to delight. Charles & James Light delivers a signature drink experience inspired by classic flavors. Typical spirit characteristics: 40% ABV (approx).,Allergens: Alcohol
Whiskey / Scotch,Jameson Irish 700ml,3500,Jameson Irish 700ml is a whiskey / scotch crafted to delight. Jameson Irish 700ml delivers a signature drink experience inspired by classic flavors. Typical spirit characteristics: 40% ABV (approx).,Allergens: Alcohol
Whiskey / Scotch,Maker's Mark 750ml,4000,Maker's Mark 750ml is a whiskey / scotch crafted to delight. Maker's Mark 750ml delivers a signature drink experience inspired by classic flavors. Typical spirit characteristics: 40% ABV (approx).,Allergens: Alcohol
Whiskey / Scotch,Jim Beam 1l,4000,Jim Beam 1L is a whiskey / scotch crafted to delight. Jim Beam 1L delivers a signature drink experience inspired by classic flavors. Typical spirit characteristics: 40% ABV (approx).,Allergens: Alcohol
Whiskey / Scotch,Singleton 12 Y/o 700ml,6900,Singleton 12 y/o 700ml is a whiskey / scotch crafted to delight. Singleton 12 y/o 700ml delivers a signature drink experience inspired by classic flavors. Typical spirit characteristics: 40% ABV (approx).,Allergens: Alcohol
Whiskey / Scotch,Monkey Shoulder 700ml,5700,Monkey Shoulder 700ml is a whiskey / scotch crafted to delight. Monkey Shoulder 700ml delivers a signature drink experience inspired by classic flavors. Typical spirit characteristics: 40% ABV (approx).,Allergens: Alcohol
Whiskey / Scotch,Macallan Single 700ml,16000,"A single malt legend, refined and smooth as polished mahogany.  Macallan 12 Year Sherry Oak, 700ml, 40% ABV; Scotch single malt; aged in sherry casks, rich with dried fruit and spice.",Allergens: Alcohol
Whiskey / Scotch,Macallan Double 700ml,20000,"A bold double-cask expression, where dried fruit and toasted oak intertwine gracefully.  Macallan Double Cask 12 Year, 700ml, 40% ABV; matured in both American and European oak; sweet vanilla and spice.",Allergens: Alcohol
Whiskey / Scotch,Glenfiddich 15 Y/o,7500,"A marriage of three woods, this Speyside malt is as rich as a caramel sundae.  Glenfiddich 15 Year Solera, 700ml, 40% ABV; single malt; toffee, cinnamon, and fruit.",Allergens: Alcohol
Whiskey / Scotch,Glenfiddich 21 Y/o,35000,"An exceptional rum-cask-finished whisky, exuding sweet molasses and warm vanilla.  Glenfiddich 21 Year Reserva Rum Cask, 700ml, 40% ABV; single malt; banana, toffee, spice.",Allergens: Alcohol
Whiskey / Scotch,Dalmore 15 Y/o 700ml,16000,"A Scottish legend, deep amber with an aroma of orange marmalade and dark chocolate.  Dalmore 15 Year, 700ml, 40% ABV; single malt; sherry-cask aged; rich citrus, cocoa, and spice.",Allergens: Alcohol
Brandy / Cognac,Remy Martin Xo 700ml,19000,Remy Martin XO 700ml is a brandy / cognac crafted to delight. Remy Martin XO 700ml delivers a signature drink experience inspired by classic flavors. Typical spirit characteristics: 40% ABV (approx).,Allergens: Alcohol
Brandy / Cognac,Remy Martin Vsop 700ml,8500,Remy Martin VSOP 700ml is a brandy / cognac crafted to delight. Remy Martin VSOP 700ml delivers a signature drink experience inspired by classic flavors. Typical spirit characteristics: 40% ABV (approx).,Allergens: Alcohol
Brandy / Cognac,Carlos I 700ml,4500,"A luxurious Spanish brandy, as smooth as velvet with layered walnut and plum.  Carlos I, 700ml, 40% ABV; brandy de Jerez; aged 10–12 years; dark fruit, chocolate, and nuts.",Allergens: Alcohol
Brandy / Cognac,Martell Vs 700ml,5000,"A crisp Cognac, lively with floral orange blossom and fresh citrus zest.  Martell VS, 700ml, 40% ABV; very special cognac (2–4 years); young, vibrant, with peach and honey notes.",Allergens: Alcohol
Brandy / Cognac,Martel Vsop 700ml,6000,Martel VSOP 700ml is a brandy / cognac crafted to delight. Martel VSOP 700ml delivers a signature drink experience inspired by classic flavors. Typical spirit characteristics: 40% ABV (approx).,Allergens: Alcohol
Liqueurs,Jaegermeister 1l,4000,Jaegermeister 1L is a liqueurs crafted to delight. Jaegermeister 1L delivers a signature drink experience inspired by classic flavors. Typical liqueur characteristics: 15-35% ABV (approx).,Allergens: Alcohol
Liqueurs,Jaegermeister 1.75l,6500,Jaegermeister 1.75L is a liqueurs crafted to delight. Jaegermeister 1.75L delivers a signature drink experience inspired by classic flavors. Typical liqueur characteristics: 15-35% ABV (approx).,Allergens: Alcohol
Liqueurs,Baileys 750ml,3000,"A velvety Irish cream liqueur, rich with whiskey warmth and silky chocolate notes.  Baileys Irish Cream, 750ml, 17% ABV; blend of Irish whiskey and cream, with cocoa and vanilla; creamy dessert drink.","Allergens: Alcohol, Dairy"
Liqueurs,Tequila Rose Strawberry 750ml,3000,"A dessert-like blend of tequila and lush strawberry cream, pink and sweet like fairy-tale candy.  Tequila Rose, 750ml, 15% ABV; strawberry cream liqueur with tequila; sweet, low-proof, best served chilled.","Allergens: Alcohol, Citrus/Fruit (may affect allergies)"
Liqueurs,Antidote Herbal Liquor,4000,"A potent elixir of secret botanicals, delivering a fiery finish befitting medieval remedies.  Antidote (herbal liqueur), 700ml, ~40% ABV; complex bitter herbal digestif; intense spice and herb flavors.",Allergens: May contain traces of alcohol (cross-contamination possible)
